movie_id,img_url,img_type
20227890,resources/images/photos/posters/poster0.jfif,p
20227890,resources/images/photos/posters/poster1.jfif,p
20227890,resources/images/photos/posters/poster2.jfif,p
20227890,resources/images/photos/posters/poster3.jfif,p
20227890,resources/images/photos/posters/poster4.jfif,p
20227890,resources/images/photos/posters/poster5.jfif,p
20227890,resources/images/photos/posters/poster6.jfif,p
20227890,resources/images/photos/posters/poster7.jfif,p
20227890,resources/images/photos/posters/poster8.jfif,p
20227890,resources/images/photos/posters/poster9.jfif,p
20227890,resources/images/photos/posters/poster10.jfif,p
20227890,resources/images/photos/posters/poster11.jfif,p
20227890,resources/images/photos/posters/poster12.jfif,p
20227890,resources/images/photos/posters/poster13.jfif,p
20227890,resources/images/photos/stills/still0.jfif,s
20227890,resources/images/photos/stills/still1.jfif,s
20227890,resources/images/photos/stills/still2.jfif,s
20227890,resources/images/photos/stills/still3.jfif,s
20227890,resources/images/photos/stills/still4.jfif,s
20227890,resources/images/photos/stills/still5.jfif,s
20227890,resources/images/photos/stills/still6.jfif,s
20227890,resources/images/photos/stills/still7.jfif,s
20227890,resources/images/photos/stills/still8.jfif,s
20227890,resources/images/photos/stills/still9.jfif,s
20227890,resources/images/photos/stills/still10.jfif,s
20227890,resources/images/photos/stills/still11.jfif,s
20227890,resources/images/photos/stills/still12.jfif,s
20227890,resources/images/photos/stills/still13.jfif,s
20227890,resources/images/photos/stills/still14.jfif,s
20227890,resources/images/photos/stills/still15.jfif,s
20227890,resources/images/photos/stills/still16.jfif,s
20227890,resources/images/photos/stills/still17.jfif,s
20227890,resources/images/photos/stills/still18.jfif,s
20226411,https://t1.daumcdn.net/movie/97c4ea5cf7d28a8934bfb231017110b3de536825,s
20226411,https://t1.daumcdn.net/movie/2a73785bfe207fbca22708658653a29ed81a335e,s
20226411,https://t1.daumcdn.net/movie/aa6b8d907c8aff0442d529d6151b5291b7d5e913,s
20226411,https://t1.daumcdn.net/movie/3c6e8387f47d662a05833603e3ecceee5524c6aa,s
20226411,https://t1.daumcdn.net/movie/eb44c3c3de00fce93ad1a784e296bd0904fd6f65,s
20226411,https://t1.daumcdn.net/movie/4c69401cfe560a2fdaf4d4c4ca9b5af4dd574059,s
20226411,https://t1.daumcdn.net/movie/4b884f0b141f10250d0940a625c01a0c994b34d2,s
20226411,https://t1.daumcdn.net/movie/ceb9ba35370f011c55d28a8521b93626475671ec,s
20226411,https://t1.daumcdn.net/movie/eb383c0cc650cf262e450c1ee0f5aaf5e0131572,s
20226411,https://t1.daumcdn.net/movie/c4ed8f2f8048e299c834364d3aacb5f95e59aad6,s
20226411,https://t1.daumcdn.net/movie/e0c20b2569dce297dde56915719119d0a4799ab2,s
20226411,https://t1.daumcdn.net/movie/e3188869f8d6448a808c2b2afafd6dcd5c5836a4,s
20226411,https://t1.daumcdn.net/movie/6b6bffa6f1e9010c39b7eb7962670749e58c74d3,s
20226411,https://t1.daumcdn.net/movie/eda891634e3d7c922e0ec844964c97bc127b4f9c,s
20226411,https://t1.daumcdn.net/movie/d82e49baf40d5a460322741ebf46127426933599,s
20226411,https://t1.daumcdn.net/movie/f95f1bc07cffa159476dac659b1102b9188cc5e1,s
20226411,https://t1.daumcdn.net/movie/fe710ef76a33f6e62ffd5b3ae710f37c63b51d20,s
20226411,https://t1.daumcdn.net/movie/354a6da0e5742f1611a8e669b3a5a839b664f565,s
20226411,https://t1.daumcdn.net/movie/d87f955db2ce36d6528c63dd2be88196e6f3a165,s
20226411,https://t1.daumcdn.net/movie/552bb7af87d267e505f681db195a614019b5dc66,s
20226411,https://t1.daumcdn.net/movie/808d61482bd1a24a6110480cf27cf8ef386bf75f,s
20226411,https://t1.daumcdn.net/movie/b05fec37909f3c46d8ada73ba1d2bc2f8868e869,p
20226411,https://t1.daumcdn.net/movie/b265afed56bb5b5b83f4f0242b4f82c681e49462,p
20226411,https://t1.daumcdn.net/movie/52ab4b31ce5657e1ecf86f710e0ccf6d51bc6b13,p
20226411,https://t1.daumcdn.net/movie/77283b3c97996cfa7bb069cb498c2edaf540a994,p
20226411,https://t1.daumcdn.net/movie/118f91064d05b5200570c0f64472b85bef88d158,p
20226411,https://t1.daumcdn.net/movie/1db155014198a351c02d74116e0ef8432d391294,p
20226411,https://t1.daumcdn.net/movie/793b0c0f54fc384bd547b67fb68b243868639f22,p
20226411,https://t1.daumcdn.net/movie/fb55c65ae44b7acc95550eff270dff534ffb5ef9,p
20226411,https://t1.daumcdn.net/movie/4d3a2603ce21a747e734d5b91e91b8dc1e2c1c5c,p
20226411,https://t1.daumcdn.net/movie/d77fb16cbc4e8b3371e848073714101145047d8a,p
20231496,https://t1.daumcdn.net/movie/597eb7bd9649d5fcc739ae506bf07a1f9faf6dd2,s
20231496,https://t1.daumcdn.net/movie/9b8fdf0a17f13e16c675148da40e757593deb0b6,s
20231496,https://t1.daumcdn.net/movie/fa4303c89a3487a1117bce417021f9537baabb41,s
20231496,https://t1.daumcdn.net/movie/3c0ad722f326c6cb0b6fbf6c1931e2cb952e0f1a,s
20231496,https://t1.daumcdn.net/movie/840b740d8695ce44794116dd37c63d5c9ac2e2f7,s
20231496,https://t1.daumcdn.net/movie/fa11935307f785601f126afef5ff08a6c0f7dfaa,s
20231496,https://t1.daumcdn.net/movie/1c4c4ecd92ddb681bd506d5aee4e4aae379cbc51,s
20231496,https://t1.daumcdn.net/movie/6b2d8996ba27e58d4905b274fbf976af2ad4fe2f,s
20231496,https://t1.daumcdn.net/movie/583e629b1839c3b61a648b3584caac2805b595dc,s
20231496,https://t1.daumcdn.net/movie/b037bbe774b4907988c30b931970dcfc97b59fec,s
20231496,https://t1.daumcdn.net/movie/b22fc5487541c2405a9c1a07496f434c7e23636e,s
20231496,https://t1.daumcdn.net/movie/c9546b37d8ae45ecb59025adc96a330b6b04e6cd,s
20231496,https://t1.daumcdn.net/movie/d9b413dfe83a25f718631d7dcf768ec9e587232a,s
20231496,https://t1.daumcdn.net/movie/94790f724503c5c221ce967380dab9fe32deefbd,s
20231496,https://t1.daumcdn.net/movie/f4cdf79689d8c762efbbe7b28fe9ae7ee5f3bee8,s
20231496,https://t1.daumcdn.net/movie/7b44d036e401d7034b3132f7b3b5901d8857a6e2,s
20231496,https://t1.daumcdn.net/movie/4b0e0e1babfc71dfdf7121e7afd38b18e2fa9e8f,p
20231496,https://t1.daumcdn.net/movie/20d861b46b6c00bbed0e6a01ba3a83b6079f448b,p
20231496,https://t1.daumcdn.net/movie/60b6f2114ac54ff849e8e894aa3c5e5217c0cb26,p
20231496,https://t1.daumcdn.net/movie/d2808feaaad41d3c274ce92dc713ffd2fb836119,p
20231496,https://t1.daumcdn.net/movie/ba178790b0173420f7b822be8e288c774bd0f3ab,p
20231496,https://t1.daumcdn.net/movie/c06295caf5f9bb8e7643243b18bda4758b15dd26,p
20231496,https://t1.daumcdn.net/movie/619b928047e84d7ae44b789d514ec277936f28fe,p
20231496,https://t1.daumcdn.net/movie/7f87c4d07fc9b02a3faeb75de28dd7c3bb524cca,p
20231496,https://t1.daumcdn.net/movie/68cdc49acbaa448c10f742cfde62c5867028246b,p
20231496,https://t1.daumcdn.net/movie/8991b465e29c396bb8803920c19fab9a28b9ee92,p
20231496,https://t1.daumcdn.net/movie/d0f5a0e613c65cd7b1a1257686cd82f18d61c4f7,p
20231496,https://t1.daumcdn.net/movie/55c43500f322201e420d231f8e26b07c19af7eb3,p
20231496,https://t1.daumcdn.net/movie/172e4943998cfb744d2b23faed5819cc62a5389d,p
20090860,https://t1.daumcdn.net/movie/f267c2336a59a8b56f767cb530067e793826f1b1,s
20090860,https://t1.daumcdn.net/movie/c599e6ae8e1dd0156d26a0af8b0fb5ba2fd0d9fe,s
20090860,https://t1.daumcdn.net/movie/647b4e099d20f66c35071fddeed81de3e7997654,s
20090860,https://t1.daumcdn.net/movie/45dc76c586415cad8859271af866d7b18f152998,s
20090860,https://t1.daumcdn.net/movie/ba49e8feddbf535a1f2a83ee9c1e42a4efab7b64,s
20090860,https://t1.daumcdn.net/movie/4ead6c9ed97563ac5a5f539bcc9b8cb3c04c1b5f,s
20090860,https://t1.daumcdn.net/movie/8d7676b21346bacf75964d3d8088a55aa84925d2,s
20090860,https://t1.daumcdn.net/movie/d653f90e9fc39097d69c5632c9d421bf90659ae9,s
20090860,https://t1.daumcdn.net/movie/0b2d4c83c28fca198b8057f70e73e65bf3aa3bc2,s
20090860,https://t1.daumcdn.net/movie/b98adb023959a0e434ff1fbc45c914b4d55ecc4c,s
20090860,https://t1.daumcdn.net/movie/f29db58e006cea9cafa0de0df6d9e759db009466,s
20090860,https://t1.daumcdn.net/movie/d25875528523324dc5dbae92d5f0f1ae4c7b78c4,s
20090860,http://t1.daumcdn.net/cfile/19167F024B1DE80109,s
20090860,http://t1.daumcdn.net/cfile/13167F024B1DE7EF02,s
20090860,http://t1.daumcdn.net/cfile/14167F024B1DE7F103,s
20090860,http://t1.daumcdn.net/cfile/16167F024B1DE7F204,s
20090860,http://t1.daumcdn.net/cfile/20167F024B1DE7F505,s
20090860,http://t1.daumcdn.net/cfile/14167F024B1DE7F806,s
20090860,https://t1.daumcdn.net/movie/1dd23ff0117caadf6e2fc7db6184eec157e8d8f5,p
20090860,https://t1.daumcdn.net/movie/9e82e5b326cc2ba95981eefd6c4c8b2571953d62,p
20090860,https://t1.daumcdn.net/movie/57a792abcc1e5628d6851d461c04c3857ff10f5a,p
20090860,http://t1.daumcdn.net/cfile/2018D3044B1DE73803,p
20090860,http://t1.daumcdn.net/cfile/12706D0D4AE8FF3C2F,p
20090860,http://t1.daumcdn.net/cfile/115AA71E4A6867FBA9,p
20090860,http://t1.daumcdn.net/cfile/1212AA234A6FBD0211,p
20090860,http://t1.daumcdn.net/cfile/1641481F4A6FBCEE1B,p
20231839,https://t1.daumcdn.net/movie/9824160cbb8406c1b0f82a783ee3c18f702916e3,s
20231839,https://t1.daumcdn.net/movie/4cec99bf557f7f86cc5121c1bee06755017de66d,s
20231839,https://t1.daumcdn.net/movie/36782990366ba0bff6a085a6299aef2199578143,s
20231839,https://t1.daumcdn.net/movie/500b6558013d44df373cd7230b7986b25dad87b7,s
20231839,https://t1.daumcdn.net/movie/51e373c49876942794a311db4205332a89397c9f,s
20231839,https://t1.daumcdn.net/movie/f17f116ca3d5929145c124cae77e0356752b2b59,s
20231839,https://t1.daumcdn.net/movie/7492dcb7b1a3a81785adc0d7857e48e29b65a63a,s
20231839,https://t1.daumcdn.net/movie/edbe424d6448643e8369c46c90b73daefebbd953,s
20231839,https://t1.daumcdn.net/movie/e6ff1aca5dda9ef3cb887753fe92cb14ced7fc1c,s
20231839,https://t1.daumcdn.net/movie/6dfd9074161b11026045c837b3008996b51760ce,s
20231839,https://t1.daumcdn.net/movie/9bf8207a797cd9d2d6f5b0655ed499edd32c3667,s
20231839,https://t1.daumcdn.net/movie/bf4603947a10041ec88e4fee90540f6b2c5e08a3,s
20231839,https://t1.daumcdn.net/movie/85395cc249ee1d598e31a0f2f4c8a1cb6c125c86,s
20231839,https://t1.daumcdn.net/movie/920c23608d8d9c6eb1b5b457ea462eac5fa8ed30,s
20231839,https://t1.daumcdn.net/movie/13e8fa6a157719a32c1fb66c0f770921f45567da,p
20231839,https://t1.daumcdn.net/movie/13d6674feadf13ea82a89a19b7c367b65d1929de,p
20231839,https://t1.daumcdn.net/movie/a8cb6fdd6aa1be4362d2f3078aa6aff149f236b9,p
20231839,https://t1.daumcdn.net/movie/f7af3433a9489765e2c3dc2889272de9d4c65b6f,p
20231839,https://t1.daumcdn.net/movie/4c1babc036e9de0b734c2444abfa05211cf9b39a,p
20231839,https://t1.daumcdn.net/movie/66ad7404424cc360abd19735c676e80d4cf3c42b,p
20231839,https://t1.daumcdn.net/movie/8057c92713baf3dbe0baa8589e7bc821a46a631f,p
20231839,https://t1.daumcdn.net/movie/c80672ff43d84646ff0f95fc945ae317c866a441,p
20231839,https://t1.daumcdn.net/movie/32e8abb50b06e8c9f39c21b874c1e6be5a167906,p
20231839,https://t1.daumcdn.net/movie/1b71ac2a72943c37bb4d189f3d71951586148ea8,p
20231839,https://t1.daumcdn.net/movie/c55ec66a01b078adca1adc22f9ef789b160f979b,p
20231839,https://t1.daumcdn.net/movie/cd5669e1a78f7599251af85eaaff5f4aaf68b149,p
20231839,https://t1.daumcdn.net/movie/bab29c036e71015309eb915e0f64d96ecae87995,p
20231839,https://t1.daumcdn.net/movie/977e8edfd63aa4f740039c72bfa545149c98537f,p
20231592,https://t1.daumcdn.net/movie/cdabdd8d4389a220bf4109ee0df7af1954a2c3ba,s
20231592,https://t1.daumcdn.net/movie/9e741f2573187b7d9d638900288d8fced5fb241d,s
20231592,https://t1.daumcdn.net/movie/c6db3fef970394f3cbd416c0f2ba520864120d80,s
20231592,https://t1.daumcdn.net/movie/5d6467826ded9a877378f5bcadbfee86cb405a39,s
20231592,https://t1.daumcdn.net/movie/afdb0cd6a456dd10ec69aca960c735974e49b874,s
20231592,https://t1.daumcdn.net/movie/d1d5dbaeddcd5238a191247c261ae5a07f676dd4,s
20231592,https://t1.daumcdn.net/movie/64a0f229ff11df42d1ac98d54910961eb095d61b,s
20231592,https://t1.daumcdn.net/movie/945cdc7739a4273079db5517af02fbcc1f702e56,s
20231592,https://t1.daumcdn.net/movie/5cfceb98a625420cef21da74b6c99bf7bfc79c13,s
20231592,https://t1.daumcdn.net/movie/e1c46de5efa04430586c36e75677e6e31f3808ed,s
20231592,https://t1.daumcdn.net/movie/fe01f0eaf89e4f6c2f6676f269a3e8f4c925d13b,s
20231592,https://t1.daumcdn.net/movie/45d93411ed904c9e03ba159430c012858ecb4967,p
20231592,https://t1.daumcdn.net/movie/74a506bebc6662fa3a78468ada8106ace009dad5,p
20231592,https://t1.daumcdn.net/movie/6fed61e73b455aba36c3c4b434b6fafe2944e698,p
20231592,https://t1.daumcdn.net/movie/780fdff5aabc1c00cd7a63746865a85026392f51,p
20231592,https://t1.daumcdn.net/movie/efda365ba77ec4a2f423cbd5e9c878359c88395d,p
20231592,https://t1.daumcdn.net/movie/9caaae8f29d502cde61c50a4eb6539aabb176ea1,p
20231592,https://t1.daumcdn.net/movie/d8f6ef68afc57afe1136f6d80ef56f8fadbb6900,p
20231592,https://t1.daumcdn.net/movie/a5426b41b02951b1705e60c253fe812faa920bd3,p
20231592,https://t1.daumcdn.net/movie/8c513b6ba5b274c5c3ef8a0d28156698109f4f33,p
20231592,https://t1.daumcdn.net/movie/d5ea064d0fced26ad1fe01c0cdbddd5583b65a2c,p
20231592,https://t1.daumcdn.net/movie/a5d462fc1f9aed58f2687b1df97702edb3b2086e,p
20231592,https://t1.daumcdn.net/movie/3c54069a190277d3a84e5ea23ed362715cc83cac,p
20231592,https://t1.daumcdn.net/movie/b9de1fca26e1af8ce9db083d9500987ffffd9e48,p
20231592,https://t1.daumcdn.net/movie/01cb849c86240be7851a6f53893e482a281bf6fa,p
20231592,https://t1.daumcdn.net/movie/0a64bfa6aa631e97d74b7abcbe79f2f3cc2b2814,p
20231592,https://t1.daumcdn.net/movie/e6e2eb5c5aacf240574023f69d98edcc18cb18d7,p
20231592,https://t1.daumcdn.net/movie/0cddcba5b5c2b2ad13406dac297f87ee62342618,p
20231592,https://t1.daumcdn.net/movie/7d24974a618a171ab3bca6faca5e855c79375b8d,p
20231348,https://t1.daumcdn.net/movie/ad93cad6b0e098cb603d5909f624a2d137d37bd1,s
20231348,https://t1.daumcdn.net/movie/830663e75b85476c05b141d91f24532f3dd2852f,s
20231348,https://t1.daumcdn.net/movie/62ef16483496b050854396371114a1bf3ed67143,s
20231348,https://t1.daumcdn.net/movie/39efc3c8853f55f2cbec290f2089b9b23b346f8a,s
20231348,https://t1.daumcdn.net/movie/bd7db7dcc2d11b98195e00b93ef6646e45dbdfca,s
20231348,https://t1.daumcdn.net/movie/ecebd8cad2645f7e08e2da7bafafb4b0dcee8fec,s
20231348,https://t1.daumcdn.net/movie/9266bcf3904aea173e3500c9300c075fbc8b9854,s
20231348,https://t1.daumcdn.net/movie/05de9eea657cef6b9a0d24137c309a605a1e9348,s
20231348,https://t1.daumcdn.net/movie/8957ad00d062504224643fc896c47544d73863a5,s
20231348,https://t1.daumcdn.net/movie/228754fd2e4c022c409a57dc05d5602ca9fd8bb3,s
20231348,https://t1.daumcdn.net/movie/4b61bcb51f74daf139d6740ad70aa8d45f5a2364,s
20231348,https://t1.daumcdn.net/movie/6a9eddd6431b6b77372c8804224c0e66f82f2d45,s
20231348,https://t1.daumcdn.net/movie/eb9b444c3e82c4694207422a4e9304a27cc95a6d,p
20231348,https://t1.daumcdn.net/movie/cce4e4d013972beed23e49699196652cee5716c0,p
20231348,https://t1.daumcdn.net/movie/ccb71cb13f497f365dd72cb640a67a5fd24945fb,p
20226270,https://t1.daumcdn.net/movie/dde3e1555203962e6e185ac475bf8bd6cf71ac82,s
20226270,https://t1.daumcdn.net/movie/c751a61adf940fd975b09d00bcf2505b40f678ef,s
20226270,https://t1.daumcdn.net/movie/8f0bf0c28e885df6ec332e3a9d23c87f51a55240,s
20226270,https://t1.daumcdn.net/movie/2d12e6b82ea3c1ef477a43b39bd313622df5b586,s
20226270,https://t1.daumcdn.net/movie/7f709603d194f512a7b44eae32e293a68babb615,s
20226270,https://t1.daumcdn.net/movie/e33a0063551e682c24461f25cdd0eabd1703e676,s
20226270,https://t1.daumcdn.net/movie/a5483f5c1c1a099b19696b9bdfa4c309f41415cb,s
20226270,https://t1.daumcdn.net/movie/b67da7267813fa9780754f91d6ca5ba9de7159fe,s
20226270,https://t1.daumcdn.net/movie/d5cbf05cfe527fce58873f7f110aab6b0bcf1eb3,s
20226270,https://t1.daumcdn.net/movie/7f5c500e7499d304959740670aeef95db8c662f7,s
20226270,https://t1.daumcdn.net/movie/9018a8392f11618de1235c440f69c9fc8960a8cb,s
20226270,https://t1.daumcdn.net/movie/902b8e58ac03339d283d1157f3699493bc7b6c86,s
20226270,https://t1.daumcdn.net/movie/c54354c0ce2ca31a0e08b5a73b3e9b68b488195d,s
20226270,https://t1.daumcdn.net/movie/aa5e89523c293cacf76556562abc70f30a916748,s
20226270,https://t1.daumcdn.net/movie/00393cf23a07dd6196ef116635a32f1e380a6337,s
20226270,https://t1.daumcdn.net/movie/63af30f93f6bdcb1a3f9e83a967aebfe33e184da,s
20226270,https://t1.daumcdn.net/movie/9f8e0ce2745b174669b986d635559b65c1b56251,s
20226270,https://t1.daumcdn.net/movie/9b657da1dc852e781eae8f74f6e0a36c90294dc8,s
20226270,https://t1.daumcdn.net/movie/ec8db87c0f16b835c9eb09fd6b611fd8b1c10a3c,s
20226270,https://t1.daumcdn.net/movie/9ba5727e0f11111f28386297c32d66f527125941,s
20226270,https://t1.daumcdn.net/movie/230b165b79c920e6f9409bb06d76d46ddb847896,s
20226270,https://t1.daumcdn.net/movie/79d912492191b41e8e3484c967f2d2bf592120a6,s
20226270,https://t1.daumcdn.net/movie/a660affcd60bf4e90c648cd1f6189b36bf81fd64,s
20226270,https://t1.daumcdn.net/movie/7bba975d43b43f81b4356502bc329c4606ff422c,s
20226270,https://t1.daumcdn.net/movie/2a8033f9a46a0153bc088e8a1b945e482eba594c,s
20226270,https://t1.daumcdn.net/movie/3a684ccaeb7aeac8e3f060ffe7249f7fe039443a,p
20226270,https://t1.daumcdn.net/movie/47571756b6a029cca22b71b408f8767abaf6cddb,p
20226270,https://t1.daumcdn.net/movie/5b3c03052aefa465beaa279a79a21d28c3fd015b,p
20226270,https://t1.daumcdn.net/movie/a1ceb551c02d412901364f57103b9c23efa7ef78,p
20226270,https://t1.daumcdn.net/movie/1540beb324af8bd7be2461ec9d66601ed6e26c28,p
20226270,https://t1.daumcdn.net/movie/debf86632a999d0047fa0a5325fb041ca875d97d,p
20226270,https://t1.daumcdn.net/movie/ab1ec22187884af7fbeedf753d8fe6147e23eb94,p
20231677,https://t1.daumcdn.net/movie/b283e0e72cb8a6e44ff6e2feb4d8142698438dcd,s
20231677,https://t1.daumcdn.net/movie/9d4af74cd4b9ebff47868400b678d004681b5acf,s
20231677,https://t1.daumcdn.net/movie/e303d8a9354ec1f85bb1274ee26aa2954c41fabb,s
20231677,https://t1.daumcdn.net/movie/4d72ea7f47116a9eaa342469d13cdbcfd76c2f38,s
20231677,https://t1.daumcdn.net/movie/4db4495e2c0888f84efaf4b46f95510d9f8196a2,s
20231677,https://t1.daumcdn.net/movie/5d740ba273dbedf28cfde736c6866ce6227c10d2,s
20231677,https://t1.daumcdn.net/movie/a263dc23da6ba0bbc934a82efd505a5d2dadda5e,s
20231677,https://t1.daumcdn.net/movie/85daf77f2408bf00842a11b3848150f4eef777a0,s
20231677,https://t1.daumcdn.net/movie/def94c74b424e954269f3af9a550c6fe0675ba2a,s
20231677,https://t1.daumcdn.net/movie/8b8b30afd851144c420b77dd766e222a7d3bb302,s
20231677,https://t1.daumcdn.net/movie/ec9496a103816c007053950e70e4891cfcf7170b,s
20231677,https://t1.daumcdn.net/movie/a091961b2b0d7fa5139f9e253841a9995bab6136,s
20231677,https://t1.daumcdn.net/movie/ae324f27566909c9101ce7c933576a5f6721f6e6,s
20231677,https://t1.daumcdn.net/movie/67fe845e6c88c67cc31b70004494e30c89bd37d2,s
20231677,https://t1.daumcdn.net/movie/f9f054288ea3b7c57e4be504d28e33d48d24adb1,s
20231677,https://t1.daumcdn.net/movie/f751df3d1228ed2197a112eadea10567f67841ef,s
20231677,https://t1.daumcdn.net/movie/ba13aacdb19da0370b235af64dc0a1b6afbd8b0d,s
20231677,https://t1.daumcdn.net/movie/ec156776bcd70092dcab16b4f0c35481edc90223,s
20231677,https://t1.daumcdn.net/movie/b8f5fb0aaaec052f97ed58580897c262e21c7887,s
20231677,https://t1.daumcdn.net/movie/0df0e75760a60ae1d17cee78a3294770b54f03c4,p
20231677,https://t1.daumcdn.net/movie/089930053fa5473a68c8565cc1340e64f70cc24b,p
20231677,https://t1.daumcdn.net/movie/c172a3efe8670b69331c6733f9fa3de82a8c7dbe,p
20231677,https://t1.daumcdn.net/movie/d7ba1e8b9d1697713ea37e4a27bbb73a6bc02718,p
20231677,https://t1.daumcdn.net/movie/952e6f464a764a3be69392a404a61f15e055cfcd,p
19960041,https://t1.daumcdn.net/movie/d5d6e8669a3a37d10055b30bb1c6a293f559315c,s
19960041,https://t1.daumcdn.net/movie/008fad7d25132b49050602d0af399d95c7a9c50d,s
19960041,https://t1.daumcdn.net/movie/d40d1ef49f90b8ee007b55ab0a24eaa52143350a,s
19960041,https://t1.daumcdn.net/movie/466970ce0aac1a0d19174b8c471c831a0b3acb3f,s
19960041,https://t1.daumcdn.net/movie/61a0f33a724226ecf02eae8b05f8c6c0bcb55879,s
19960041,https://t1.daumcdn.net/movie/e36aef440b200a97280f4d368b4db0d7f58c42f1,s
19960041,https://t1.daumcdn.net/movie/656ce41b04be77acb50bc3212af89a0199355360,s
19960041,https://t1.daumcdn.net/movie/67491c915d14e4d88f49dcaf8205198cf2cd4a30,s
19960041,https://t1.daumcdn.net/movie/602ee9987f198c1f6fb89de861890900be1a07c7,s
19960041,https://t1.daumcdn.net/movie/1592194c840ecb218a2e25342f8dcdb85b8a9f26,s
19960041,https://t1.daumcdn.net/movie/5b2ca785c59a7f28d61072dc07d9ede87c7ecfba,s
19960041,https://t1.daumcdn.net/movie/16c38d32f00c83d5bedfc69b0c3e15df936a6668,s
19960041,https://t1.daumcdn.net/movie/36824b749079b6be3e151bb855f54f3eb5029ad0,s
19960041,https://t1.daumcdn.net/movie/46fd858df01a92a2bf7851f7829770d94046d74e,s
19960041,https://t1.daumcdn.net/movie/245406c388bad8db3f0bce68a9a3122d37739bb3,s
19960041,https://t1.daumcdn.net/movie/2901be443c92e7c7e0331157b7e9d417a5f59437,s
19960041,https://t1.daumcdn.net/movie/75c70a1505844fa5073368d6d0a69990130a1c7e,s
19960041,https://t1.daumcdn.net/movie/e6752d87899d277f804b6dfb1a8707e8b7a750b9,s
19960041,https://t1.daumcdn.net/movie/353b6aea0624a60cfeb7a7d402e5e2409a22d28d,p
19960041,https://t1.daumcdn.net/movie/f2b6dc95e8f2d952d6e2ee6878136d88934398c8,p
19960041,https://t1.daumcdn.net/movie/eb0232bd72c933a08102ac8fe3a8693b6aeff30f,p
19960041,https://t1.daumcdn.net/movie/41022ac5d2f6b27fd03314229281e2b0a2356055,p
19960041,https://t1.daumcdn.net/movie/da804f02ff8c06be7f21e77860de5cb1db9071d9,p
19960041,https://t1.daumcdn.net/movie/d8838ad5a7df704d897755d5797ee3f593624a47,p
19960041,https://t1.daumcdn.net/movie/088792b64ccd885fc968aa9ae10afcf5bdd1682b,p
19960041,https://t1.daumcdn.net/movie/84c654fdb6eada570bc079df92ef546093ed26ec,p
19960041,https://t1.daumcdn.net/movie/a79fe580b5a067ee4ac4b2d482d7b8fefde9b133,p
19960041,https://t1.daumcdn.net/movie/1d35cf6263be437fef4c9892d642d60ad701967c,p
19960041,https://t1.daumcdn.net/movie/e123e2744f9f3d60006edbf70e4a45e2322451c9,p
19960041,https://t1.daumcdn.net/movie/55b54f0249e37f68325e830545a28f723d8b7db4,p
19960041,https://t1.daumcdn.net/movie/b659f73442a1b9d498b3b0703ddd40b820cf3176,p
19960041,https://t1.daumcdn.net/movie/a2198a6942d757be2045ced46d96041fc3f6ba52,p
19960041,https://t1.daumcdn.net/movie/41918e7021f266149c336f83cf07ec3274541e3d,p
19960041,https://t1.daumcdn.net/movie/d5191987d8a1aa67c814ab16a4c86ec396682307,p
19960041,https://t1.daumcdn.net/movie/935c2248b319b5c6e0e27077a847d3fc157e1779,p
19960041,https://t1.daumcdn.net/movie/8384b38b84d32e2c2a4d64f9f07c125e1d27e867,p
19960041,http://t1.daumcdn.net/cfile/145F9C1D4C5E52F93C,p
20078795,http://t1.daumcdn.net/cfile/186405194C58F9387C,s
20078795,http://t1.daumcdn.net/cfile/156405194C58F9367B,s
20078795,http://t1.daumcdn.net/cfile/126405194C58F9347A,s
20078795,http://t1.daumcdn.net/cfile/186405194C58F93077,s
20078795,http://t1.daumcdn.net/cfile/146405194C58F93F80,s
20078795,http://t1.daumcdn.net/cfile/116405194C58F93C7E,s
20078795,http://t1.daumcdn.net/cfile/126405194C58F93279,s
20078795,http://t1.daumcdn.net/cfile/206405194C58F93178,s
20078795,http://t1.daumcdn.net/cfile/126F1B10ABA3792561,s
20078795,http://t1.daumcdn.net/cfile/156F1B10ABA3784360,s
20078795,http://t1.daumcdn.net/cfile/116F1B10ABA377765F,s
20078795,http://t1.daumcdn.net/cfile/156F1B10ABA376365E,s
20078795,http://t1.daumcdn.net/cfile/18247D184C58B85A76,p
20078795,http://t1.daumcdn.net/cfile/156F1B10ABA37A8862,p
20175405,https://t1.daumcdn.net/movie/4d2a843c63c4860b5c035eb4da810631dd1e3484,s
20175405,https://t1.daumcdn.net/movie/65198d2ef9a53c03f04be4a703610293ec70c03c,s
20175405,https://t1.daumcdn.net/movie/8a71c9534e11d36ce4f7cf1aa8bf7c3878a94090,s
20175405,https://t1.daumcdn.net/movie/27d7d8b170f60e695a45fe9886cb64c6f0b34072,s
20175405,https://t1.daumcdn.net/movie/dd2f70e461c32fcaf02435b0d760d917e3c4ae6f,s
20175405,https://t1.daumcdn.net/movie/2f186f069b0449a9ef3230ca198500a100fd6b01,s
20175405,https://t1.daumcdn.net/movie/335866c05d4375d262a99736ff980607f9d60872,s
20175405,https://t1.daumcdn.net/movie/5fa785b54acb54ce4ec9d14c8be95618a8371eef,s
20175405,https://t1.daumcdn.net/movie/6bbf5e5639cb4e46e963cfc7886523823ec7502c,p
20175405,https://t1.daumcdn.net/movie/82b503dbd11117573940eebd02da25cc1a3542bf,p
20175405,https://t1.daumcdn.net/movie/61f522b84a72acbff70af18fb57afd76e05eaaf7,p
20175405,http://t1.daumcdn.net/movie/b31721f99d0c47c4b74b90fd204a1aa41558798331498,p
20175405,http://t1.daumcdn.net/movie/36ec80e373e40b4c7cf46b89178335d453dc1011,p
20177949,http://t1.daumcdn.net/movie/10f1e79b8af9dc670c0b86034b5301a6cd418977,s
20177949,http://t1.daumcdn.net/movie/fa8994ba075669b073e819c4afe5bf3f751e975f,s
20177949,http://t1.daumcdn.net/movie/74b3cbf5d976cc22429e9bf5384564b7f8963fa8,s
20177949,http://t1.daumcdn.net/movie/63aa49097d800e9d1e2095be98692c3334713778,s
20177949,http://t1.daumcdn.net/movie/6588976c801d88c43ea7a9fac33b4b5140893e9c,s
20177949,http://t1.daumcdn.net/movie/abe64068aa7c8e3edb9d568b3e8d1de47ec89663,s
20177949,http://t1.daumcdn.net/movie/6619ae5f59889f660970259002ec607cc5df9b97,s
20177949,http://t1.daumcdn.net/movie/d178f5a49eda0fcb96ab1d78daed9e19e2b74635,s
20177949,http://t1.daumcdn.net/movie/48f6405553cbf6e8476bbc26e8d2b423a351a3c9,s
20177949,http://t1.daumcdn.net/movie/7b867a9620d6a4999d65429d02f7a6c55a0357ba,s
20177949,http://t1.daumcdn.net/movie/5de58691b15a3ad3b71a3a2d1ccf584b2cdfc62c,s
20177949,https://t1.daumcdn.net/movie/e557ff6be52c96b7a7ed2eaf86a8bc0842026002,p
20177949,http://t1.daumcdn.net/movie/4ba6385b7f782cabdacaa651e5d02749a501e05c,p
20177949,http://t1.daumcdn.net/movie/aeb89193781b8a8a6ef4f5048a8b5de751b567c5,p
20177949,http://t1.daumcdn.net/movie/254c2a07787670eb920ede52cb71e2d50cc7ba00,p
20177949,http://t1.daumcdn.net/movie/aaeaf7f029f6b85d025a319f74e79d0a0541386d,p
20178401,https://t1.daumcdn.net/movie/936ba9deb77cda983dda9c9a24c83688549bf722,s
20178401,https://t1.daumcdn.net/movie/5c47d443ecd8bd0a9757f1b7c753b19be96002dd,s
20178401,https://t1.daumcdn.net/movie/876d57503ec019032e90dbc0a36a5470456284f0,s
20178401,https://t1.daumcdn.net/movie/f3f9d30e6e29832f481248896269324bce2a306c,s
20178401,https://t1.daumcdn.net/movie/cbd463e78c18378de552afa52f655788b80bdb37,s
20178401,https://t1.daumcdn.net/movie/e2add89f982e192df003681f28307b93cd0f4be1,s
20178401,https://t1.daumcdn.net/movie/d2dda7deb7df2ab2a0c496d7a331866483168537,s
20178401,https://t1.daumcdn.net/movie/998b3c35c273a03a11fa41419b7f3e2d959111cf,s
20178401,https://t1.daumcdn.net/movie/210cc5463505d1072a8b1f3ac9c7f99b68dcdc7c,s
20178401,https://t1.daumcdn.net/movie/729bcab5a2b8063f33df36a2f01c5442df18e0c3,s
20178401,https://t1.daumcdn.net/movie/55213d40354ee38e36c7580b3514311f5378dc3a,s
20178401,https://t1.daumcdn.net/movie/28b66c60dc2162bbe54e764c03c9825dae04434c,s
20178401,https://t1.daumcdn.net/movie/315df2aafe165fd450253351e4e407181df3ae75,s
20178401,https://t1.daumcdn.net/movie/2fe24142a0d2817ab2634d518a6c996341a39b7d,s
20178401,https://t1.daumcdn.net/movie/fd85cccb65217be982027812f2856b655198438c,s
20178401,https://t1.daumcdn.net/movie/2b35128c381358df4cfede2abdf5850dd83c759f,p
20178401,https://t1.daumcdn.net/movie/4756a4fd3fa41ebf278b79eb6a309b375b7609fd,p
20178401,https://t1.daumcdn.net/movie/31de7f30651d26de6351cb8c118dddf66db7f3a7,p
20178401,https://t1.daumcdn.net/movie/f2613eb85473c1cef349c40a7780a71f4f08865d,p
20178401,https://t1.daumcdn.net/movie/2c49628a45afa69ec013667c00b887a4c1856b11,p
20178401,http://t1.daumcdn.net/movie/972da24f858f027aab2be84a56ce05a2603cb86d,p
20180377,https://t1.daumcdn.net/movie/4041982c08ffa5ea5e28ef2fb3e59976c18917f7,s
20180377,https://t1.daumcdn.net/movie/18c6235534e42abcb57221a65eb01f4b891d37ff,s
20180377,https://t1.daumcdn.net/movie/433623630f85c411de5d6e243ba1c3070517b24d,s
20180377,https://t1.daumcdn.net/movie/56ebce14ef77fdacdccd99ef7853bb1faa3d52b1,s
20180377,https://t1.daumcdn.net/movie/f2801be4defb40b35d020a649f6b5ab0f065e1ce,s
20180377,https://t1.daumcdn.net/movie/eef3da5bba370bab48b1ce75e7a7a0950145face,s
20180377,http://t1.daumcdn.net/movie/6ac967da5a1c4f05c6cbcdd2a680b8656ff8c5ee,s
20180377,http://t1.daumcdn.net/movie/3b31cb82adda3f84265a3959d2db4d08c9e50faf,s
20180377,http://t1.daumcdn.net/movie/6b9bbf21ecb5b274eb996f8524a10bded3aadcc0,s
20180377,http://t1.daumcdn.net/movie/3ef80a171bee266fe51e2e807b6a5527c56b8fc8,s
20180377,http://t1.daumcdn.net/movie/a60655f9b0fd99c24c0b00af585ace55baca69d6,s
20180377,http://t1.daumcdn.net/movie/7c849a3313333d50e53425a671bf6e5a027fbc95,s
20180377,http://t1.daumcdn.net/movie/76597531ec6c3a8cef67240ebe067f4d884c2e3c,s
20180377,https://t1.daumcdn.net/movie/67db9dba977714b5772089cb244043239459c4e2,p
20180377,http://t1.daumcdn.net/movie/28f35d850733dc99796f5ea59d08cc4d0fa324ac,p
20180377,http://t1.daumcdn.net/movie/7fd8dccd4db592aef2bcb2983a865a67ec49ad2f,p
20180377,http://t1.daumcdn.net/movie/a76620f5a0fb1f1b36c7c7c8037dcb8c3a7301b1,p
20180382,http://t1.daumcdn.net/movie/0d184cc5c5be407992035de3c90217ab1536815558244,s
20180382,http://t1.daumcdn.net/movie/f53f371780574ffba2367c7e74f07de11536815558499,s
20180382,http://t1.daumcdn.net/movie/6f82fe568eac4531a96e066a8372b6931536815558729,s
20180382,http://t1.daumcdn.net/movie/cc972312e3c94e4bb77ccf45e92f22d51536815558967,s
20180382,http://t1.daumcdn.net/movie/13ea298693fb443b9eb65aeb143c64471536815559211,s
20180382,http://t1.daumcdn.net/movie/6b6b64b55c2f48bb8f1e7f58abe072911536815559502,s
20180382,http://t1.daumcdn.net/movie/18ba8c94805944fca9672ffa81259fc11536815559746,s
20180382,http://t1.daumcdn.net/movie/4579eaf7fc0a492ead13be13c8b8b2a91536815560043,s
20180382,http://t1.daumcdn.net/movie/767d968b38d049d0a9ff7ed71a5a383e1536815560516,s
20180382,http://t1.daumcdn.net/movie/0bdacd644f794f978217314441e3a8111536815560727,s
20180382,http://t1.daumcdn.net/movie/00e9ceb05ee1475dbd7fa763c42470f91536815561044,s
20180382,http://t1.daumcdn.net/movie/da9b948d3f0d496895b5fdbc99e0eb631536815561248,s
20180382,http://t1.daumcdn.net/movie/35bea4ff551543468ba3a69e238be0151536815561464,s
20180382,http://t1.daumcdn.net/movie/840fbea71d40479a9a70f1ff0d6cb04c1536815561693,s
20180382,http://t1.daumcdn.net/movie/8d72f66bcea645198ab35f61fe450e631536815561912,s
20180382,http://t1.daumcdn.net/movie/0c93b0cfcb374fba98f1fcb2964924aa1536815562124,s
20180382,http://t1.daumcdn.net/movie/7d4f34bbab6d491991a0e646434260361537342231847,p
20180382,http://t1.daumcdn.net/movie/afec57181c00cd810fa0151edbdc22591d772360,p
19968227,https://t1.daumcdn.net/movie/37c33e204a9533fff106d66a5752d7aad5f8f1cc,s
19968227,https://t1.daumcdn.net/movie/9c324bdde9591ab285613cb926bec19161e09aae,s
19968227,https://t1.daumcdn.net/movie/017d010b1993886d7d8296c481626690a841e8d4,s
19968227,https://t1.daumcdn.net/movie/be1a1c616f3e2bcd8163734ddaad77e8b34ce7ac,s
19968227,https://t1.daumcdn.net/movie/4bacf38d088948443a30fa5a1895a403a967a96a,s
19968227,https://t1.daumcdn.net/movie/9a4a69dd880a60119133b722fc098a9cb00dc7d5,s
19968227,https://t1.daumcdn.net/movie/9a6e92bf214fe84bb1a9480342bbda4b8ba213be,s
19968227,https://t1.daumcdn.net/movie/a51e89c9698c762a34b4754d31fc7fefc0749853,s
19968227,https://t1.daumcdn.net/movie/919ca5e8378a120dee8f19e0e90a2e86a0f2144b,s
19968227,https://t1.daumcdn.net/movie/a993c3cdb64bb07f4b83de20992346ae41b85005,s
19968227,http://t1.daumcdn.net/cfile/12497B10B1A3E9A0D3,s
19968227,http://t1.daumcdn.net/cfile/134D3610B1A3E8B7D2,s
19968227,http://t1.daumcdn.net/cfile/154D9710B1A3F0EAD1,s
19968227,http://t1.daumcdn.net/cfile/126DB110B1A3E82B7F,s
19968227,http://t1.daumcdn.net/cfile/144D4210B1A3F1F9D1,s
19968227,http://t1.daumcdn.net/cfile/114D8810B1A3F2B0D0,s
19968227,https://t1.daumcdn.net/movie/38376633b4a5fdb63fa54187e323fa062fdcf368,p
19968227,https://t1.daumcdn.net/movie/a73ca07af4d6b3ca72d78bf0f3b14b4030c4a967,p
19968227,https://t1.daumcdn.net/movie/a2b757a5de841b12cb61a7f38b88c4f9662faaf3,p
19968227,http://t1.daumcdn.net/cfile/134D4010B1A3E3D5D2,p
19968227,http://t1.daumcdn.net/cfile/1565CD10B1A3E79FC8,p
19968227,http://t1.daumcdn.net/cfile/11492810B1A3E5B8D2,p
20078605,https://t1.daumcdn.net/movie/2d4c546a947f23eb4dd6b73f8b197f1d9a70810b,s
20078605,https://t1.daumcdn.net/movie/d091078d3d22789ade3076ddb7c606155bbdfa70,s
20078605,https://t1.daumcdn.net/movie/573f61149227c3da0dda3735a0b6b5502014783c,s
20078605,https://t1.daumcdn.net/movie/f4fb490a120f13cc089a0cc7457941243028354b,s
20078605,https://t1.daumcdn.net/movie/fd5619a5bd39218af52a853d861c66ca8250e4c0,s
20078605,https://t1.daumcdn.net/movie/a78722eb5ae8fbc40b9f217f49d3770428d7f197,s
20078605,https://t1.daumcdn.net/movie/01b00be6e575c2416ced82d47ad256e9a4f904ce,s
20078605,https://t1.daumcdn.net/movie/82791aec2d7c1eab4df9755d1c1a75e98e05254e,s
20078605,https://t1.daumcdn.net/movie/2d6549a098cc32f27fae6e1ca07010752d30773a,s
20078605,https://t1.daumcdn.net/movie/f5b9d55df2ed68c8dbcd891a215b275bdae8063b,s
20078605,https://t1.daumcdn.net/movie/33b7d833c0375d55582bff32db1c47a280435cb6,s
20078605,https://t1.daumcdn.net/movie/b351942f02d61b45df54e76c4f4703334e2e0204,p
20078605,https://t1.daumcdn.net/movie/939f0289279000007b96dbb02e24ea70e849ecea,p
20078605,https://t1.daumcdn.net/movie/2ac378210751cfdf2c73bfc953e9143c5349dd8c,p
20078605,https://t1.daumcdn.net/movie/e2b7ae77173df37c6999a38a55a9ee67b91b8606,p
20078605,https://t1.daumcdn.net/movie/d490ab6240e8027e77d925a36529266abc999210,p
20180743,https://t1.daumcdn.net/movie/7d67d2d75297a63476a5ce8ea181dba1b9b4f156,s
20180743,https://t1.daumcdn.net/movie/5b24de4b5c7be5ee82ff651ce09817e0cbd5b718,s
20180743,https://t1.daumcdn.net/movie/3c57870f99b4873836c9596f3b74b028cd155a93,s
20180743,https://t1.daumcdn.net/movie/785641a4d44e4a23bc02ee0ddb20e4431fe21c9b,s
20180743,https://t1.daumcdn.net/movie/ae63c6ef7c2b5fa16d987f54918a022357f3badb,s
20180743,https://t1.daumcdn.net/movie/f02e216aa92fbbc0c25c138c50e3594f42efbcdb,s
20180743,https://t1.daumcdn.net/movie/ebd286e4674604697b65a2af38facb517f576f37,s
20180743,https://t1.daumcdn.net/movie/d0511a9d7e69f9264dd27ebe42ebd7b2aa2fb4aa,s
20180743,https://t1.daumcdn.net/movie/b1a89bf75ee2d68c843342b4cc5489f79dff762e,s
20180743,https://t1.daumcdn.net/movie/022c00366c2556248791e075136af475e845b48f,s
20180743,https://t1.daumcdn.net/movie/721c47be4a56e4e41403eb20da4ea62f9334ca1c,s
20180743,https://t1.daumcdn.net/movie/6394680721cc25ceef7f15e0eda5cb969f341eb9,s
20180743,https://t1.daumcdn.net/movie/8f6dd87840c4326d9a622c6ccabee27acfbde08b,p
20180743,https://t1.daumcdn.net/movie/9266ac5d76aa862f3bd97687fdcc524b4ebf4cff,p
20180743,http://t1.daumcdn.net/movie/79a8d1fd2a704b78a37ac22f29a6c0c31576387118860,p
20181172,https://t1.daumcdn.net/movie/1f2fc287a80cebae9b319a0e9fe0c839589ce820,s
20181172,https://t1.daumcdn.net/movie/520499661dd85ff78259c7b5574c3233a765cfec,s
20181172,https://t1.daumcdn.net/movie/60f4fef02a9a310db58ed7fac756230c1b60467a,s
20181172,https://t1.daumcdn.net/movie/9dd41fb6c751ef075f3c78864d12b50b97f6200f,s
20181172,https://t1.daumcdn.net/movie/12667f3f29fb1a1a0d4247230229a1ffa53a8797,s
20181172,https://t1.daumcdn.net/movie/664b7485f552d9122191c0c0a9fde49881c79cf8,s
20181172,https://t1.daumcdn.net/movie/e90e856b1288d7c0617f04a9290943ed1167c9b6,s
20181172,https://t1.daumcdn.net/movie/65c6a3d72cd5fc10308cb604a8be5cfcd18c8275,s
20181172,https://t1.daumcdn.net/movie/7a938916f295250bb8201f6edf6e0d241d58ab64,s
20181172,https://t1.daumcdn.net/movie/2eb539f1f41b0b2495ea0d51c5c1b2835a2e856d,s
20181172,https://t1.daumcdn.net/movie/6c69d64801fbccdc4b77c2565134e47902426d0b,s
20181172,https://t1.daumcdn.net/movie/63b8426ea97e7d8aad84a50d4e27d5b44df8520a,s
20181172,http://t1.daumcdn.net/movie/9d243cfbdd7a4957a34a9c0bacc2649d1537868688219,s
20181172,http://t1.daumcdn.net/movie/559ac8a568bd4322abc4ada9d96b22761537868687863,s
20181172,https://t1.daumcdn.net/movie/61577dc5158fc2be0e97a24cd52ac02e54f07649,s
20181172,https://t1.daumcdn.net/movie/c54bcbaeb59d9617013da1cbb37791f12a237758,s
20181172,https://t1.daumcdn.net/movie/7fae9149d477ffaaac367a8e7b0ea5cfcf1e720b,p
20124722,http://t1.daumcdn.net/movie/35f743519d764b6c9c3ea5048d8e0b931575613153019,s
20124722,http://t1.daumcdn.net/movie/0a04da6665614648b641bd04dca3249a1575613161632,s
20124722,http://t1.daumcdn.net/movie/f2a8d36de88143b890de53541d39b52f1575613157386,s
20124722,http://t1.daumcdn.net/movie/e60d26e950254190a68ca9e710f4bd981575613167918,s
20124722,http://t1.daumcdn.net/movie/797c48482c7a4a3eac997fc1e647b5d51575613165824,s
20124722,http://t1.daumcdn.net/movie/2ea7fd18e9fe43c69c42d605375d2c491575613172054,s
20124722,http://t1.daumcdn.net/movie/01f63f1ffc29488d965664adc0b128a51575613155511,s
20124722,http://t1.daumcdn.net/movie/60f21fe2a27b4529ad71d50c6530e8161577185310267,s
20124722,http://t1.daumcdn.net/movie/66229101bd0347afa80f2a3d9d7d27f71575613159489,s
20124722,http://t1.daumcdn.net/movie/979e9b86330d4b6c810db44452d5d5951575613163718,s
20124722,http://t1.daumcdn.net/movie/74123f4959e34590adfc3f27197716cc1575613170019,s
20124722,http://t1.daumcdn.net/movie/74ddcf17cace4c559bb9c1f197ac91581575613173987,s
20124722,http://t1.daumcdn.net/movie/a6e2d33ab51f45de929f3ef79329ed031577332004141,s
20124722,http://t1.daumcdn.net/movie/69e57ca3a4514964b066f9d7aa9cdcc11577332005941,s
20124722,http://t1.daumcdn.net/movie/8fbd862d648a4068836a7a11e32f63c61576821531622,p
20124722,http://t1.daumcdn.net/movie/8898cfd95794432d8beb2b47695339751576821430307,p
20124722,http://t1.daumcdn.net/movie/c1f1681e459e4cdcad7247c5ecb7c3161576821575415,p
20124722,http://t1.daumcdn.net/movie/58eaf4cee83e455f9d4b69dd2f51a9461578467173650,p
20124722,http://t1.daumcdn.net/cfile/147EC7214A37451A28,p
20124722,http://t1.daumcdn.net/cfile/127EC7214A37451825,p
20124722,http://t1.daumcdn.net/cfile/157EC7214A37451927,p
20124722,http://t1.daumcdn.net/cfile/187A26184A3743E306,p
20124722,http://t1.daumcdn.net/cfile/147EC7214A37451926,p
20124722,http://t1.daumcdn.net/cfile/136F39204A374B8B67,p
20124722,http://t1.daumcdn.net/cfile/117EC7214A37451824,p
20188124,https://t1.daumcdn.net/movie/781b8c3e40672b2325e916fe11673ccada9a433d,s
20188124,https://t1.daumcdn.net/movie/befcd0b5338dfbe71fc6adc649be61d13d80dab1,s
20188124,https://t1.daumcdn.net/movie/a5ba1f2397d475e2a8b7301df005230c7440d2fa,s
20188124,https://t1.daumcdn.net/movie/d7dcf632fe15215825059a7877e785953b9e2793,s
20188124,https://t1.daumcdn.net/movie/329b4b310f9d07039a763087f0c744f97adcbb11,s
20188124,https://t1.daumcdn.net/movie/24e40c24859534d002bbc7afce74760580d7efc6,s
20188124,https://t1.daumcdn.net/movie/200d97d4c0efb89a7858c5cfbeb992353f4629e2,s
20188124,https://t1.daumcdn.net/movie/1bf77e2288712cb56f6327309d5b79aa951d58f7,s
20188124,https://t1.daumcdn.net/movie/6c497064b62f015fa12eab3484b3491a64e5f757,s
20188124,https://t1.daumcdn.net/movie/930a22ca494d6d13543c81233660d67e11257d2d,s
20188124,https://t1.daumcdn.net/movie/21612a75fda9bdacbd816ded4bd33b49318d9b79,s
20188124,http://t1.daumcdn.net/cfile/141A374A5149720D2C,s
20188124,http://t1.daumcdn.net/cfile/171A374A514972112D,s
20188124,http://t1.daumcdn.net/cfile/021A374A5149720A2A,s
20188124,http://t1.daumcdn.net/cfile/231A374A5149721630,s
20188124,http://t1.daumcdn.net/cfile/116F1B10AC8184549C,s
20188124,https://t1.daumcdn.net/movie/37664c0bb6492eecb9bfb911e7be44d4e473b3f9,p
20188124,http://t1.daumcdn.net/movie/d6faa6e2b47cb8308536e636f8c06068e4f9237c,p
20188124,http://t1.daumcdn.net/cfile/163C224D5149716917,p
20188124,http://t1.daumcdn.net/cfile/146F1B10AC81BEECD3,p
20188124,http://t1.daumcdn.net/cfile/116F1B10AC81BC02D0,p
20188124,http://t1.daumcdn.net/cfile/116F1B10AC81BFCED4,p
20188124,http://t1.daumcdn.net/cfile/156F1B10AC81C0B1D5,p
20188124,http://t1.daumcdn.net/cfile/116F1B10AC81C1B0D6,p
20188124,http://t1.daumcdn.net/cfile/156F1B10AC81C2B2D7,p
20188124,http://t1.daumcdn.net/cfile/146F1B10AC81C398D8,p
20188124,http://t1.daumcdn.net/cfile/136F1B10AC81C427D9,p
20188124,http://t1.daumcdn.net/cfile/116F1B10AC81C4A2DA,p
20188124,http://t1.daumcdn.net/cfile/146F1B10AC81BE42D2,p
20188124,http://t1.daumcdn.net/cfile/146F1B10AC81BD80D1,p
20232025,https://t1.daumcdn.net/movie/d34a4b861ace558f1a649e8cafdfc8d27a8c6e1f,s
20232025,https://t1.daumcdn.net/movie/c6b753f583c0fe4935c0be7ea7a49721df760f61,s
20232025,https://t1.daumcdn.net/movie/f0a53fe505316bd9ee84c9185c1a3f209c323d05,s
20232025,https://t1.daumcdn.net/movie/f127fdfe5b9bd0912e0e59b33e513f138b1ade60,s
20232025,https://t1.daumcdn.net/movie/a217d35fe2e9db8397e8dbd3a27f51c15513deac,s
20232025,https://t1.daumcdn.net/movie/39daf81fa83cdc22ebd94c4078682544501952e7,s
20232025,https://t1.daumcdn.net/movie/c78e629b4b205c2fa408b17df7762d88f4fada8b,s
20232025,https://t1.daumcdn.net/movie/43e3cf0bf3ccc453c2a706546fc4e4467a42546c,s
20232025,https://t1.daumcdn.net/movie/db22a112856b1a2a7fd03296436e977a35ffa67c,s
20232025,https://t1.daumcdn.net/movie/a0b186dc73847c6c93266e71b71b1e424a8cb95a,s
20232025,https://t1.daumcdn.net/movie/69b2d6ef76c2c5b37b0641b187d1efd7f0636e41,p
20232025,https://t1.daumcdn.net/movie/85d238b61fa9bc82062d4eb339e1330c0fcb1926,p
20232025,https://t1.daumcdn.net/movie/382c2aed1361b8f35e9b8bd517ea637d54cd53cc,p
20232025,https://t1.daumcdn.net/movie/37aec080da3a597e4a79115db568d1f949ddfc13,p
20232025,https://t1.daumcdn.net/movie/151a8a9f5e494c88ad9e7e3247e4a5310694debe,p
20232025,https://t1.daumcdn.net/movie/ef9f746bb375b6f480ff7d4becb3c25432cbbc4e,p
20232025,https://t1.daumcdn.net/movie/394646dba46db1cfdff6ab5d186726e03424a3e1,p
20232025,https://t1.daumcdn.net/movie/bcd4ba708b55a93a73f0c644dba8d0e6b6536ba1,p
20232025,https://t1.daumcdn.net/movie/00dc73415bfa6e5fe22b06ee2be3980868f25022,p
20232025,https://t1.daumcdn.net/movie/a3f8894f2ae0f750f311ba092d154d5250c43eae,p
20232025,https://t1.daumcdn.net/movie/8a80aed7a46568834c21a9a4b30b99b6aebccc13,p
20232025,https://t1.daumcdn.net/movie/155ce1e01a15ac111455640fd75d20658962d787,p
20232025,https://t1.daumcdn.net/movie/7b80b50023d5c5db3a2f875c632b21d805c99809,p
20232025,https://t1.daumcdn.net/movie/7e6ae1052ee187fb60826358249a8ea17bbecf19,p
20232025,https://t1.daumcdn.net/movie/4fed1d952a78c7af0dd2cc38f89109df9418fc13,p
20232025,https://t1.daumcdn.net/movie/e459977d4e4233595585350f9e7e965a589ddb08,p
20232025,https://t1.daumcdn.net/movie/b290d17852e2f2b6c4a5e57c0318af4bc336ba4b,p
20232025,https://t1.daumcdn.net/movie/5821edfaab07ae1778868ec788f1613fab0c1b10,p
20232025,https://t1.daumcdn.net/movie/86760439a5a3014052bcaba042df7bdc5c765668,p
20232025,https://t1.daumcdn.net/movie/8c0359827bdf80185acd5b037ef8dc029ed70f3a,p
20232025,https://t1.daumcdn.net/movie/b7137f0b0ed7e9ca2d9b8b277058b308cd880246,p
20232025,https://t1.daumcdn.net/movie/1bdaa49cc4c38147b8090a87f010d4d3d72ddfec,p
20232025,https://t1.daumcdn.net/movie/ffc7dadc4b1beccb38aebcfc1105801f1c19f2bd,p
20232025,https://t1.daumcdn.net/movie/c16236151862adc8bd76ea848373fafe2f88bd96,p
20232025,https://t1.daumcdn.net/movie/0de6397e519147ef0565892326064653913df740,p
20232025,https://t1.daumcdn.net/movie/e3e3942edcb79c480e1c78ee2d23fee04528fb5a,p
20200154,https://t1.daumcdn.net/movie/a7f8ffd235aa005cc9b4f585429ecc085fa39040,s
20200154,https://t1.daumcdn.net/movie/225ead342483c073b0add28fa5a76db322fc4d7a,s
20200154,https://t1.daumcdn.net/movie/45ce50d2d99c82200735cf97ff7b8c754f97299b,s
20200154,https://t1.daumcdn.net/movie/a4f3b0f16959db90a141767e3ebff9e9b9725189,s
20200154,https://t1.daumcdn.net/movie/9b590f4bfcbec454ad7599717f3d664984ed8f58,s
20200154,https://t1.daumcdn.net/movie/f696a339c0189dd1762e5bda0a49b9e436dcb946,s
20200154,https://t1.daumcdn.net/movie/5f7963272bd9ac8f0a508cfeffe96c1382b3053d,s
20200154,https://t1.daumcdn.net/movie/934a0fb7e39149bf4cd815059f37679639080965,s
20200154,https://t1.daumcdn.net/movie/ae15dae3a735830ba2cbe9471ad5dc1a8781819c,s
20200154,https://t1.daumcdn.net/movie/28d468b42d0d35941d00081670ec0a149a4b23cc,s
20200154,https://t1.daumcdn.net/movie/7c351ccd595913499b58ae39cad65b6223711425,s
20200154,https://t1.daumcdn.net/movie/7a3f9e4b6dfa58c8bfc3e6200e4ce14e890b74c6,s
20200154,https://t1.daumcdn.net/movie/77a71144938377a5fefe7bd235e13438b5a04652,s
20200154,https://t1.daumcdn.net/movie/294325cee6a8b33c6f4b8ba5fb1f29031ab47169,s
20200154,https://t1.daumcdn.net/movie/3580d89ad06c4c12694a737e7ec71804bc751e85,s
20200154,https://t1.daumcdn.net/movie/4367253cad4e0e377365faf1ba1029c27c455362,s
20200154,https://t1.daumcdn.net/movie/0c6353e9286c54392e163cc2f2f019f0074f6363,s
20200154,https://t1.daumcdn.net/movie/352157c26502f79ca466814053b353723356ec28,s
20200154,https://t1.daumcdn.net/movie/169d8a1d0976a3e0deea7ed2d5886a57f2166fbb,s
20200154,https://t1.daumcdn.net/movie/d84c07fbbf6e045088e3ab6c862f04d95657f648,p
20200154,https://t1.daumcdn.net/movie/dd2e3d17da0aa69602158084685d5140f1c760a2,p
20200154,https://t1.daumcdn.net/movie/855005d99f07c0b4986e4085dc77baf8437914d5,p
20200154,https://t1.daumcdn.net/movie/45f0694dc6cda0744e0762ca9f48a35088425299,p
20200154,https://t1.daumcdn.net/movie/4e33384453b7dd4a6aa28ebfadb847ae39973103,p
20200154,https://t1.daumcdn.net/movie/29771c0ffe062fede582892f8be827e9aac64537,p
20200154,https://t1.daumcdn.net/movie/a43fe23648d668762785ad4c7ffeef66a97d204f,p
20200154,https://t1.daumcdn.net/movie/30d9f422a7c351e44e47027876083b828da32a65,p
